% Device,CC2435009
% File name,CC2435009_20250514_200451
% Cast time (UTC),2025-05-14 20:04:51
% Cast time (local),2025-05-14 14:04:51
% Sample type,Cast
% Cast data,Processed
% Location source,GPS
% Default latitude,32
% Default altitude,0
% Start latitude,40.2841392
% Start longitude,-106.8537558
% Start altitude,2187.64111328125
% Start GPS horizontal error(Meter),10.704000473022461
% Start GPS vertical error(Meter),12.916999816894531
% Start GPS number of satellites,8
% End latitude,
% End longitude,
% End altitude,
% End GPS horizontal error(Meter),
% End GPS vertical error(Meter),
% End GPS number of satellites,
% Cast duration (Seconds),14.2
% Samples per second,5
% Electronics calibration date,0001-01-01
% Conductivity calibration date,2024-10-09
% Temperature calibration date,2024-10-07
% Pressure calibration date,2024-09-17
% 
Pressure (Decibar),Depth (Meter),Temperature (Celsius),Conductivity (MicroSiemens per Centimeter),Specific conductance (MicroSiemens per Centimeter),Salinity (Practical Salinity Scale),Sound velocity (Meters per Second),Density (Kilograms per Cubic Meter)
0.15,0.15317556970303562,11.281427383422851,313.47668457031248,432.00710002046592,0.2052296416235608,1452.5469834717872,999.74015903038912
0.45,0.45889190364065568,11.159345563954462,313.39856237562488,433.35762510043472,0.2058134691126593,1452.0824741910717,999.75482220817952
0.74999999999999984,0.7648148214040816,11.045513039868096,313.13276806079212,434.3574853747428,0.20623031184340365,1451.6482285631363,999.768318794902
1.05,1.0707352211878995,11.025477228796024,312.72504182169332,434.03317024170432,0.20605918860829731,1451.575326007296,999.7716602606552
1.35,1.3766546326583819,11.003911232814275,312.31756065697464,433.72726734800648,0.20589607602285923,1451.4964707302422,999.7751590027744
1.65,1.6825723606266336,10.942891744766739,312.34331216036212,434.49941977169816,0.20623343619994899,1451.2653082785677,999.78304445102576
1.95,1.9884870922467827,10.839089559107451,311.9626567537644,435.22681601504056,0.20652184649461888,1450.8675156439331,999.79512455035056
2.2818675041198732,2.3268989934628452,11.04258758451528,312.04799389989568,432.88789014964984,0.20550826935297174,1451.6605794424,999.7753324195152
