% Device,CC2435009
% File name,CC2435009_20250514_164158
% Cast time (UTC),2025-05-14 16:41:58
% Cast time (local),2025-05-14 10:41:58
% Sample type,Cast
% Cast data,Processed
% Location source,GPS
% Default latitude,32
% Default altitude,0
% Start latitude,40.284147
% Start longitude,-106.8537396
% Start altitude,2184.5270996093752
% Start GPS horizontal error(Meter),4.140999794006348
% Start GPS vertical error(Meter),5.5040001869201664
% Start GPS number of satellites,8
% End latitude,40.2841494
% End longitude,-106.8537561
% End altitude,2182.9929199218752
% End GPS horizontal error(Meter),5.8359999656677248
% End GPS vertical error(Meter),6.752999782562256
% End GPS number of satellites,8
% Cast duration (Seconds),31.2
% Samples per second,5
% Electronics calibration date,0001-01-01
% Conductivity calibration date,2024-10-09
% Temperature calibration date,2024-10-07
% Pressure calibration date,2024-09-17
% 
Pressure (Decibar),Depth (Meter),Temperature (Celsius),Conductivity (MicroSiemens per Centimeter),Specific conductance (MicroSiemens per Centimeter),Salinity (Practical Salinity Scale),Sound velocity (Meters per Second),Density (Kilograms per Cubic Meter)
0.15,0.15318921586145776,12.104305186433698,322.01254272460936,433.92881379482832,0.20663077258168435,1455.679966507977,999.65012160870976
0.45,0.45893575882332184,12.107025106034232,322.0544891357422,433.95352795793192,0.20664339933623491,1455.6950538602528,999.65123447984976
0.74999999999999984,0.76489257232171776,12.109745025634766,322.096435546875,433.97823849823872,0.2066560239996687,1455.7101406249629,999.65234721000416
1.05,1.0708491078850923,12.107927863530864,321.02159040880916,432.55122138509992,0.20595822695376246,1455.7072628328115,999.65343106852224
1.35,1.3768053611148029,12.107786178588867,320.45053100585936,431.7834126019068,0.2055828658860175,1455.7110933737731,999.65457254574992
1.65,1.6827618454104637,12.120143890380859,316.15686035156248,425.85618914248056,0.2026993828874689,1455.7588873575504,999.65230154593472
2.0990882996589912,2.1407676692981316,12.164010748785522,320.02081481902968,430.55204264987408,0.20501022576012621,1455.9340346477936,999.6511207250872
