% Device,CC2435009
% File name,CC2435009_20250517_173059
% Cast time (UTC),2025-05-17 17:30:59
% Cast time (local),2025-05-17 11:30:59
% Sample type,Cast
% Cast data,Processed
% Location source,GPS
% Default latitude,32
% Default altitude,0
% Start latitude,40.2874729
% Start longitude,-106.8573141
% Start altitude,2181.0471191406248
% Start GPS horizontal error(Meter),3.5920000076293944
% Start GPS vertical error(Meter),5.0359997749328616
% Start GPS number of satellites,13
% End latitude,
% End longitude,
% End altitude,
% End GPS horizontal error(Meter),
% End GPS vertical error(Meter),
% End GPS number of satellites,
% Cast duration (Seconds),20.4
% Samples per second,5
% Electronics calibration date,0001-01-01
% Conductivity calibration date,2024-10-09
% Temperature calibration date,2024-10-07
% Pressure calibration date,2024-09-17
% 
Pressure (Decibar),Depth (Meter),Temperature (Celsius),Conductivity (MicroSiemens per Centimeter),Specific conductance (MicroSiemens per Centimeter),Salinity (Practical Salinity Scale),Sound velocity (Meters per Second),Density (Kilograms per Cubic Meter)
0.15,0.15317350504726083,11.179674234195922,313.50576782226564,433.26228670952144,0.20578018948752045,1452.1559901943501,999.7512563048848
0.45,0.45888756518279648,11.045358510468758,311.98565264482652,432.76813650530848,0.20545722168351565,1451.6418554720342,999.76630228804784
0.74999999999999984,0.7648080990642184,10.952317269254722,308.9390291282656,429.6510664591576,0.20388195805877053,1451.2844822110672,999.77596597027952
0.94106300278465312,0.95964224941784416,11.082153371849294,305.93794409368864,423.94634951634632,0.20118476033414896,1451.786625265113,999.76150665113376
