% Device,CC2435009
% File name,CC2435009_20250514_175232
% Cast time (UTC),2025-05-14 17:52:32
% Cast time (local),2025-05-14 11:52:32
% Sample type,Cast
% Cast data,Processed
% Location source,GPS
% Default latitude,32
% Default altitude,0
% Start latitude,40.2738485
% Start longitude,-106.8394547
% Start altitude,2185.05810546875
% Start GPS horizontal error(Meter),3.2980000972747804
% Start GPS vertical error(Meter),4.5269999504089352
% Start GPS number of satellites,14
% End latitude,40.2737705
% End longitude,-106.8395006
% End altitude,2184.0139160156248
% End GPS horizontal error(Meter),11.57800006866455
% End GPS vertical error(Meter),13.265000343322754
% End GPS number of satellites,13
% Cast duration (Seconds),20.2
% Samples per second,5
% Electronics calibration date,0001-01-01
% Conductivity calibration date,2024-10-09
% Temperature calibration date,2024-10-07
% Pressure calibration date,2024-09-17
% 
Pressure (Decibar),Depth (Meter),Temperature (Celsius),Conductivity (MicroSiemens per Centimeter),Specific conductance (MicroSiemens per Centimeter),Salinity (Practical Salinity Scale),Sound velocity (Meters per Second),Density (Kilograms per Cubic Meter)
0.15,0.15318397949948976,11.779114683178147,316.04230406050108,429.64914569443264,0.20436679207388736,1454.4474217059699,999.6853980211576
0.45,0.45891915685928136,11.728974917795547,313.85952059793448,427.264198497773,0.2031760571832601,1454.2602655795498,999.69147945619808
0.74999999999999984,0.76486353016931552,11.711458206176758,313.89572143554688,427.51737028894896,0.20328871344530435,1454.1986175187168,999.69493511716944
1.05,1.0708064892802941,11.653933057089986,310.34045643213516,423.33854862009944,0.2012206611208712,1453.9819175095459,999.70110187843424
1.35,1.3767479499912536,11.620494673332587,307.98094470485428,420.50352876463064,0.19982111324801501,1453.8575800082765,999.7051078779512
1.7712081116024806,1.8062978525593498,11.65734107920777,307.01434285291316,418.76242768062256,0.1989932346777023,1454.0037222652982,999.702399404216
