% Device,CC2435009
% File name,CC2435009_20250513_181211
% Cast time (UTC),2025-05-13 18:12:11
% Cast time (local),2025-05-13 12:12:11
% Sample type,Cast
% Cast data,Processed
% Location source,GPS
% Default latitude,32
% Default altitude,0
% Start latitude,40.2741476
% Start longitude,-106.8399001
% Start altitude,2287.0380859375
% Start GPS horizontal error(Meter),44.708999633789064
% Start GPS vertical error(Meter),673.39300537109376
% Start GPS number of satellites,3
% End latitude,
% End longitude,
% End altitude,
% End GPS horizontal error(Meter),
% End GPS vertical error(Meter),
% End GPS number of satellites,
% Cast duration (Seconds),34
% Samples per second,5
% Electronics calibration date,0001-01-01
% Conductivity calibration date,2024-10-09
% Temperature calibration date,2024-10-07
% Pressure calibration date,2024-09-17
% 
Pressure (Decibar),Depth (Meter),Temperature (Celsius),Conductivity (MicroSiemens per Centimeter),Specific conductance (MicroSiemens per Centimeter),Salinity (Practical Salinity Scale),Sound velocity (Meters per Second),Density (Kilograms per Cubic Meter)
0.15,0.15315075089188973,9.15352384653342,296.33987439370024,433.8349912666168,0.20467939955762723,1444.1463585455856,999.93436072104368
0.45,0.45879217748041064,9.255136229135488,295.83546607944852,431.81183706376208,0.20377406573112765,1444.561198087055,999.92717152260608
0.74999999999999984,0.7646533895258024,9.13231802780097,295.647001860651,433.0895452512848,0.20429962379065046,1444.069488864193,999.9385741636408
1.05,1.0705114332651957,9.0330973605426224,296.12184192233776,435.04979694510008,0.20517297521207795,1443.6726455605872,999.94826806538544
1.35,1.3763664901164638,8.92536927611244,296.57054736344936,437.09258541847456,0.20607851666796083,1443.2402018806605,999.95848492639728
1.65,1.6822196944639498,8.9139776299028864,296.47100612620928,437.09264858511104,0.20606857614981946,1443.1985414108842,999.960761620049
2.0941453961765068,2.135030035637058,8.9251315425794432,296.00580987503496,436.26331927927528,0.20567370092564634,1443.2505635356928,999.96175798513936
