% Device,CC2435009
% File name,CC2435009_20250517_174258
% Cast time (UTC),2025-05-17 17:42:58
% Cast time (local),2025-05-17 11:42:58
% Sample type,Cast
% Cast data,Processed
% Location source,GPS
% Default latitude,32
% Default altitude,0
% Start latitude,40.2865647
% Start longitude,-106.8564631
% Start altitude,2180.3688964843752
% Start GPS horizontal error(Meter),3.687999963760376
% Start GPS vertical error(Meter),4.9809999465942384
% Start GPS number of satellites,14
% End latitude,40.2864754
% End longitude,-106.8563969
% End altitude,2161.26611328125
% End GPS horizontal error(Meter),61.887001037597656
% End GPS vertical error(Meter),131.92100524902344
% End GPS number of satellites,7
% Cast duration (Seconds),18.4
% Samples per second,5
% Electronics calibration date,0001-01-01
% Conductivity calibration date,2024-10-09
% Temperature calibration date,2024-10-07
% Pressure calibration date,2024-09-17
% 
Pressure (Decibar),Depth (Meter),Temperature (Celsius),Conductivity (MicroSiemens per Centimeter),Specific conductance (MicroSiemens per Centimeter),Salinity (Practical Salinity Scale),Sound velocity (Meters per Second),Density (Kilograms per Cubic Meter)
0.15,0.15317818476882365,11.466239550425424,315.17247939505512,432.14283030093544,0.20540413416059821,1453.2560666824186,999.720582483769
0.45,0.4589020936168796,11.35781996049633,314.25516890451224,432.16998330202176,0.20535317328939626,1452.8453606054518,999.73358431001232
0.74999999999999984,0.764831046786434,11.181644874829226,314.18230064658104,434.17360063852536,0.20622341234677165,1452.1737637736589,999.75424830877536
1.05,1.0707519325889546,10.872220252119432,310.64348416596164,432.98614078342128,0.20545459524777379,1450.9804846663174,999.78669293534784
1.35,1.3766659267321613,10.744986628718026,307.62544963876668,430.30572767317264,0.20406941273037126,1450.4886284519242,999.7996740414752
1.6100158484085744,1.6418071821476787,10.858093974336306,308.7439256616738,430.50799895086776,0.20423800485593312,1450.9330657812317,999.78981581897248
