% Device,CC2435009
% File name,CC2435009_20250514_165357
% Cast time (UTC),2025-05-14 16:53:57
% Cast time (local),2025-05-14 10:53:57
% Sample type,Cast
% Cast data,Processed
% Location source,GPS
% Default latitude,32
% Default altitude,0
% Start latitude,40.2841455
% Start longitude,-106.8537635
% Start altitude,2184.9208984375
% Start GPS horizontal error(Meter),5.6319999694824216
% Start GPS vertical error(Meter),5.9060001373291016
% Start GPS number of satellites,11
% End latitude,40.2841178
% End longitude,-106.8537426
% End altitude,2187.43505859375
% End GPS horizontal error(Meter),20.308000564575196
% End GPS vertical error(Meter),28.430999755859376
% End GPS number of satellites,11
% Cast duration (Seconds),40
% Samples per second,5
% Electronics calibration date,0001-01-01
% Conductivity calibration date,2024-10-09
% Temperature calibration date,2024-10-07
% Pressure calibration date,2024-09-17
% 
Pressure (Decibar),Depth (Meter),Temperature (Celsius),Conductivity (MicroSiemens per Centimeter),Specific conductance (MicroSiemens per Centimeter),Salinity (Practical Salinity Scale),Sound velocity (Meters per Second),Density (Kilograms per Cubic Meter)
0.15,0.15319053102717459,12.17470634665717,322.05692690743324,433.16673964311392,0.20629667450116608,1455.9444656902403,999.641663501144
0.45,0.4589394317925352,12.168513316236368,321.95690592221724,433.10436333967712,0.20626207785517635,1455.9259672154832,999.643778142546
0.74999999999999984,0.7648983683106472,12.164456368060262,321.95155299765532,433.14444022696072,0.20627858369782189,1455.915561236575,999.6456829389056
1.05,1.0708564750187864,12.143396463785371,321.83351528522484,433.23113382887712,0.20630876232236797,1455.8412091542877,999.64958094065056
1.35,1.3768138798834374,12.145597252387061,321.67051741037572,432.98606188073128,0.2061895312339327,1455.8541711364566,999.65064955158064
1.7660267353057862,1.8011022107764269,12.173109423543366,321.92246467890028,433.00448855512288,0.20621193917663946,1455.9643719501568,999.64942264492064
