% Device,CC2435009
% File name,CC2435009_20250513_204233
% Cast time (UTC),2025-05-13 20:42:33
% Cast time (local),2025-05-13 14:42:33
% Sample type,Cast
% Cast data,Processed
% Location source,GPS
% Default latitude,32
% Default altitude,0
% Start latitude,40.2872807
% Start longitude,-106.8568961
% Start altitude,2188.1379394531248
% Start GPS horizontal error(Meter),4.501999855041504
% Start GPS vertical error(Meter),6.7899999618530272
% Start GPS number of satellites,12
% End latitude,40.287324
% End longitude,-106.8569167
% End altitude,2218.10595703125
% End GPS horizontal error(Meter),340.84899902343752
% End GPS vertical error(Meter),384.60400390625
% End GPS number of satellites,4
% Cast duration (Seconds),63.4
% Samples per second,5
% Electronics calibration date,0001-01-01
% Conductivity calibration date,2024-10-09
% Temperature calibration date,2024-10-07
% Pressure calibration date,2024-09-17
% 
Pressure (Decibar),Depth (Meter),Temperature (Celsius),Conductivity (MicroSiemens per Centimeter),Specific conductance (MicroSiemens per Centimeter),Salinity (Practical Salinity Scale),Sound velocity (Meters per Second),Density (Kilograms per Cubic Meter)
0.15,0.15322954723202608,14.137958526611328,336.64532470703124,430.07522285319736,0.20570588146652762,1463.1450837680115,999.38785597757344
0.45,0.45905305719266368,14.025117374132318,335.97052877032696,430.45421945742056,0.20584379657889488,1462.7458332505539,999.40520484470736
0.74999999999999984,0.76508375961210976,13.979284286499024,335.23471069335936,430.0165034193204,0.20561007672981005,1462.5858675051814,999.41281819506896
1.05,1.071112467542392,13.948443284880088,335.20149158046872,430.31436343772312,0.2057418525923976,1462.4800590663738,999.41861205485584
1.35,1.3771398542641331,13.936103820800781,335.305908203125,430.58482398025016,0.2058679621303721,1462.4407042433219,999.42182800169376
1.65,1.6831667396725875,13.942258834838867,335.12115478515624,430.27955338500704,0.20572059066860576,1462.4675148136816,999.42226672113232
1.9894271483556707,2.029413919616268,13.997345600839974,335.2677565710736,429.85971404660448,0.20553757992699904,1462.6707162619366,999.41605733783456
