% Device,CC2435009
% File name,CC2435009_20250517_172848
% Cast time (UTC),2025-05-17 17:28:48
% Cast time (local),2025-05-17 11:28:48
% Sample type,Cast
% Cast data,Processed
% Location source,GPS
% Default latitude,32
% Default altitude,0
% Start latitude,40.2872626
% Start longitude,-106.857079
% Start altitude,2184.1950683593752
% Start GPS horizontal error(Meter),3.3929998874664308
% Start GPS vertical error(Meter),4.6469998359680176
% Start GPS number of satellites,13
% End latitude,
% End longitude,
% End altitude,
% End GPS horizontal error(Meter),
% End GPS vertical error(Meter),
% End GPS number of satellites,
% Cast duration (Seconds),43.4
% Samples per second,5
% Electronics calibration date,0001-01-01
% Conductivity calibration date,2024-10-09
% Temperature calibration date,2024-10-07
% Pressure calibration date,2024-09-17
% 
Pressure (Decibar),Depth (Meter),Temperature (Celsius),Conductivity (MicroSiemens per Centimeter),Specific conductance (MicroSiemens per Centimeter),Salinity (Practical Salinity Scale),Sound velocity (Meters per Second),Density (Kilograms per Cubic Meter)
0.15,0.15317177995325146,11.058229389673042,312.02443025692644,432.66743200969432,0.20541695750418442,1451.6867591543606,999.7635255894256
0.45,0.45888133614702904,10.913867356684163,310.78461789819112,432.6805225563504,0.20533358507802685,1451.1323811843123,999.7795607781128
0.74999999999999984,0.76479718901539216,10.81198863253755,310.33263447425168,433.28037107703928,0.20556098656332842,1450.7417089721133,999.79135958222432
1.05,1.0707104800809563,10.768753986256024,309.27658586545164,432.32787195255624,0.20506925681218829,1450.5776454127994,999.7966860902416
1.35,1.3766226517283648,10.756641297947659,308.71094918509816,431.68337122706408,0.20474706562513661,1450.5348772986125,999.79905705673376
1.65,1.6825344824761715,10.766004021608434,308.28736289918316,430.97820309046528,0.20440894367736829,1450.5757238493894,999.79929482946528
1.95,1.9884453130753667,10.705155998402253,306.44526831599684,429.13307580802864,0.2034719446986889,1450.3422306309194,999.805975028503
2.1090695339700448,2.1506486987705108,10.744097709655762,306.49572753906248,428.73613712211144,0.20330299889655104,1450.4963663109504,999.802772677252
