% Device,CC2435009
% File name,CC2435009_20250515_205326
% Cast time (UTC),2025-05-15 20:53:26
% Cast time (local),2025-05-15 14:53:26
% Sample type,Point measurement
% Cast data,Processed
% Location source,GPS
% Default latitude,32
% Default altitude,0
% Start latitude,40.2728781
% Start longitude,-106.8390756
% Start altitude,2188.4130859375
% Start GPS horizontal error(Meter),5.4930000305175784
% Start GPS vertical error(Meter),6.9930000305175784
% Start GPS number of satellites,8
% End latitude,
% End longitude,
% End altitude,
% End GPS horizontal error(Meter),
% End GPS vertical error(Meter),
% End GPS number of satellites,
% Cast duration (Seconds),64.6
% Samples per second,5
% Electronics calibration date,0001-01-01
% Conductivity calibration date,2024-10-09
% Temperature calibration date,2024-10-07
% Pressure calibration date,2024-09-17
% 
Pressure (Decibar),Depth (Meter),Temperature (Celsius),Conductivity (MicroSiemens per Centimeter),Specific conductance (MicroSiemens per Centimeter),Salinity (Practical Salinity Scale),Sound velocity (Meters per Second),Density (Kilograms per Cubic Meter)
0.33998727798461916,0.33998727798461916,7.8944859504699712,152.234130859375,231.39764380054099,0.10696100313322242,1438.8432652781512,999.9439066063
