% Device,CC2435009
% File name,CC2435009_20250518_170702
% Cast time (UTC),2025-05-18 17:07:02
% Cast time (local),2025-05-18 11:07:02
% Sample type,Cast
% Cast data,Processed
% Location source,GPS
% Default latitude,32
% Default altitude,0
% Start latitude,40.2809645
% Start longitude,-106.8670857
% Start altitude,2183.6750488281248
% Start GPS horizontal error(Meter),3.9070000648498536
% Start GPS vertical error(Meter),5.4530000686645504
% Start GPS number of satellites,12
% End latitude,40.2809117
% End longitude,-106.8670549
% End altitude,2184.833984375
% End GPS horizontal error(Meter),14.538000106811523
% End GPS vertical error(Meter),20.458000183105468
% End GPS number of satellites,12
% Cast duration (Seconds),27.2
% Samples per second,5
% Electronics calibration date,0001-01-01
% Conductivity calibration date,2024-10-09
% Temperature calibration date,2024-10-07
% Pressure calibration date,2024-09-17
% 
Pressure (Decibar),Depth (Meter),Temperature (Celsius),Conductivity (MicroSiemens per Centimeter),Specific conductance (MicroSiemens per Centimeter),Salinity (Practical Salinity Scale),Sound velocity (Meters per Second),Density (Kilograms per Cubic Meter)
0.15,0.15317368981901658,11.177088849702696,313.38036666628244,433.11993395629152,0.20570930525066592,1452.1459369816275,999.75146997055824
0.45,0.45888877576227888,11.118863732938851,309.75055593405016,428.79332836205888,0.20356681790736237,1451.9234899328147,999.75725566970976
0.74999999999999984,0.764812707281499,11.095459894636085,311.91102783155548,432.06407224348256,0.20514401385020381,1451.8399025616704,999.76233412501312
1.05,1.0707349417534877,11.054688460202197,313.06199888236544,434.14880595616408,0.20613339063162099,1451.6883967251789,999.76872805501248
1.35,1.37665459837642,10.959619812362587,311.79263064103488,433.53160053967448,0.20577350246771997,1451.3247658203635,999.7795637223872
1.65,1.6825716372488378,10.908201323698341,311.46115018340668,433.690826471238,0.20581821829334762,1451.130236641415,999.7862186761784
1.9253921508789062,1.9633945470153718,10.917459885201194,311.42218192501888,433.52478560619464,0.20574230117679738,1451.170478498513,999.78653613779632
