% Device,CC2435009
% File name,CC2435009_20250517_194148
% Cast time (UTC),2025-05-17 19:41:48
% Cast time (local),2025-05-17 13:41:48
% Sample type,Point measurement
% Cast data,Processed
% Location source,GPS
% Default latitude,32
% Default altitude,0
% Start latitude,40.2721508
% Start longitude,-106.8767346
% Start altitude,2181.083984375
% Start GPS horizontal error(Meter),8.468000411987304
% Start GPS vertical error(Meter),7.5050001144409184
% Start GPS number of satellites,12
% End latitude,
% End longitude,
% End altitude,
% End GPS horizontal error(Meter),
% End GPS vertical error(Meter),
% End GPS number of satellites,
% Cast duration (Seconds),27.8
% Samples per second,5
% Electronics calibration date,0001-01-01
% Conductivity calibration date,2024-10-09
% Temperature calibration date,2024-10-07
% Pressure calibration date,2024-09-17
% 
Pressure (Decibar),Depth (Meter),Temperature (Celsius),Conductivity (MicroSiemens per Centimeter),Specific conductance (MicroSiemens per Centimeter),Salinity (Practical Salinity Scale),Sound velocity (Meters per Second),Density (Kilograms per Cubic Meter)
0.68720340728759768,0.68720340728759768,11.806551933288574,318.72320556640624,432.97074681715392,0.20599932194229315,1454.5622269656266,999.68614552721856
