% Device,CC2435009
% File name,CC2435009_20250517_194351
% Cast time (UTC),2025-05-17 19:43:51
% Cast time (local),2025-05-17 13:43:51
% Sample type,Invalid
% Cast data,Processed
% Location source,GPS
% Default latitude,32
% Default altitude,0
% Start latitude,40.2721139
% Start longitude,-106.8767919
% Start altitude,2181.8000488281248
% Start GPS horizontal error(Meter),3.9040000438690184
% Start GPS vertical error(Meter),6.135000228881836
% Start GPS number of satellites,11
% End latitude,
% End longitude,
% End altitude,
% End GPS horizontal error(Meter),
% End GPS vertical error(Meter),
% End GPS number of satellites,
% Cast duration (Seconds),11.2
% Samples per second,5
% Electronics calibration date,0001-01-01
% Conductivity calibration date,2024-10-09
% Temperature calibration date,2024-10-07
% Pressure calibration date,2024-09-17
% 
Pressure (Decibar),Depth (Meter),Temperature (Celsius),Conductivity (MicroSiemens per Centimeter),Specific conductance (MicroSiemens per Centimeter),Salinity (Practical Salinity Scale),Sound velocity (Meters per Second),Density (Kilograms per Cubic Meter)
